{
    "gameMode": 1,
    "levelNumber": 5,
    "targetPoints": 300,
    "collectibles": [
        {
            "type": 0,
            "pointTokenType": 3,
            "multiplierTokenType": 0,
            "dangerTokenType": 0,
            "position": {
                "x": 0.0,
                "y": 48.61000061035156,
                "z": 85.37000274658203
            },
            "rotation": {
                "x": 0.0,
                "y": 0.0,
                "z": 0.0,
                "w": 1.0
            },
            "value": 100,
            "numTimesCanBeCollected": 1,
            "pointDisplayType": 2,
            "path": [],
            "movementSpeed": 0.0,
            "rotationAxis": {
                "x": 0.0,
                "y": 0.0,
                "z": 0.0
            },
            "rotationSpeed": 0.0,
            "activeOnStart": true,
            "isKinematic": false
        }
    ],
    "stars": [
        {
            "index": 0,
            "position": {
                "x": -19.15999984741211,
                "y": 13.0,
                "z": 69.54000091552735
            }
        },
        {
            "index": 1,
            "position": {
                "x": 18.040000915527345,
                "y": 5.28000020980835,
                "z": 69.02999877929688
            }
        },
        {
            "index": 2,
            "position": {
                "x": 0.0,
                "y": 7.329999923706055,
                "z": 74.44999694824219
            }
        }
    ],
    "portals": [
        {
            "portalA": {
                "position": {
                    "x": 0.0,
                    "y": 23.68000030517578,
                    "z": 89.05999755859375
                },
                "rotation": {
                    "x": 0.7071068286895752,
                    "y": 0.0,
                    "z": 0.0,
                    "w": 0.7071068286895752
                },
                "path": [
                    {
                        "x": -15.0,
                        "y": 23.68000030517578,
                        "z": 89.05999755859375
                    },
                    {
                        "x": 15.0,
                        "y": 23.68000030517578,
                        "z": 89.05999755859375
                    }
                ],
                "movementSpeed": 0.25,
                "rotationAxis": {
                    "x": 0.0,
                    "y": 0.0,
                    "z": 0.0
                },
                "rotationSpeed": 0.0
            },
            "portalB": {
                "position": {
                    "x": 28.420000076293947,
                    "y": 8.319999694824219,
                    "z": 67.52999877929688
                },
                "rotation": {
                    "x": 0.0,
                    "y": -0.9659258127212524,
                    "z": 0.0,
                    "w": 0.2588191032409668
                },
                "path": [
                    {
                        "x": 58.73088836669922,
                        "y": 8.319999694824219,
                        "z": 50.029998779296878
                    },
                    {
                        "x": -1.8908882141113282,
                        "y": 8.319999694824219,
                        "z": 85.02999877929688
                    }
                ],
                "movementSpeed": 0.25,
                "rotationAxis": {
                    "x": 0.0,
                    "y": 0.0,
                    "z": 0.0
                },
                "rotationSpeed": 0.0
            }
        }
    ],
    "obstacles": [
        {
            "type": 8,
            "positioning": 0,
            "movementSpeed": 0.0,
            "rotationSpeed": 0.0,
            "position": {
                "x": -18.68000030517578,
                "y": 0.27000001072883608,
                "z": 29.25
            },
            "rotationAxis": {
                "x": 0.0,
                "y": 0.0,
                "z": 0.0
            },
            "rotation": {
                "x": 0.0,
                "y": -0.9659258127212524,
                "z": 0.0,
                "w": 0.2588191032409668
            },
            "path": []
        },
        {
            "type": 7,
            "positioning": 0,
            "movementSpeed": 0.0,
            "rotationSpeed": 0.0,
            "position": {
                "x": 0.0,
                "y": 49.0,
                "z": 83.4800033569336
            },
            "rotationAxis": {
                "x": 0.0,
                "y": 0.0,
                "z": 0.0
            },
            "rotation": {
                "x": 0.0,
                "y": 0.0,
                "z": 0.0,
                "w": 1.0
            },
            "path": []
        },
        {
            "type": 15,
            "positioning": 0,
            "movementSpeed": 0.0,
            "rotationSpeed": 0.0,
            "position": {
                "x": -0.019999999552965165,
                "y": 47.959999084472659,
                "z": 82.0999984741211
            },
            "rotationAxis": {
                "x": 0.0,
                "y": 0.0,
                "z": 0.0
            },
            "rotation": {
                "x": 0.7070983648300171,
                "y": 0.003455576254054904,
                "z": -0.003455576254054904,
                "w": 0.7070983648300171
            },
            "path": []
        }
    ],
    "platformRotationSpeed": 0.0
}