{
    "gameMode": 1,
    "levelNumber": 5,
    "targetPoints": 300,
    "collectibles": [
        {
            "type": 0,
            "pointTokenType": 3,
            "multiplierTokenType": 0,
            "dangerTokenType": 0,
            "position": {
                "x": 0.0,
                "y": 48.61000061035156,
                "z": 85.37000274658203
            },
            "rotation": {
                "x": 0.0,
                "y": 0.0,
                "z": 0.0,
                "w": 1.0
            },
            "value": 100,
            "numTimesCanBeCollected": 1,
            "pointDisplayType": 2,
            "path": [],
            "movementSpeed": 0.0,
            "rotationAxis": {
                "x": 0.0,
                "y": 0.0,
                "z": 0.0
            },
            "rotationSpeed": 0.0,
            "activeOnStart": true,
            "isKinematic": false
        }
    ],
    "stars": [
        {
            "index": 0,
            "position": {
                "x": -7.099999904632568,
                "y": 9.100000381469727,
                "z": 69.54000091552735
            }
        },
        {
            "index": 1,
            "position": {
                "x": 7.5,
                "y": 9.0,
                "z": 69.02999877929688
            }
        },
        {
            "index": 2,
            "position": {
                "x": 0.0,
                "y": 7.329999923706055,
                "z": 74.44999694824219
            }
        }
    ],
    "portals": [
        {
            "portalA": {
                "position": {
                    "x": 0.0,
                    "y": 47.970001220703128,
                    "z": 70.55000305175781
                },
                "rotation": {
                    "x": 0.0,
                    "y": 0.0,
                    "z": 0.0,
                    "w": 1.0
                },
                "path": [],
                "movementSpeed": 0.0,
                "rotationAxis": {
                    "x": 0.0,
                    "y": 0.0,
                    "z": 0.0
                },
                "rotationSpeed": 0.0
            },
            "portalB": {
                "position": {
                    "x": 0.0,
                    "y": 8.319999694824219,
                    "z": 17.169998168945314
                },
                "rotation": {
                    "x": 0.0,
                    "y": 0.0,
                    "z": 0.0,
                    "w": 1.0
                },
                "path": [
                    {
                        "x": -25.0,
                        "y": 8.319999694824219,
                        "z": 17.169998168945314
                    },
                    {
                        "x": 25.0,
                        "y": 8.319999694824219,
                        "z": 17.169998168945314
                    }
                ],
                "movementSpeed": 0.2,
                "rotationAxis": {
                    "x": 0.0,
                    "y": 0.0,
                    "z": 0.0
                },
                "rotationSpeed": 0.0
            }
        }
    ],
    "obstacles": [
        {
            "type": 7,
            "positioning": 0,
            "movementSpeed": 0.0,
            "rotationSpeed": 0.0,
            "position": {
                "x": 0.0,
                "y": 49.0,
                "z": 83.4800033569336
            },
            "rotationAxis": {
                "x": 0.0,
                "y": 0.0,
                "z": 0.0
            },
            "rotation": {
                "x": 0.0,
                "y": 0.0,
                "z": 0.0,
                "w": 1.0
            },
            "path": []
        },
        {
            "type": 15,
            "positioning": 0,
            "movementSpeed": 0.0,
            "rotationSpeed": 0.0,
            "position": {
                "x": -0.019999999552965165,
                "y": 47.959999084472659,
                "z": 82.0999984741211
            },
            "rotationAxis": {
                "x": 0.0,
                "y": 0.0,
                "z": 0.0
            },
            "rotation": {
                "x": 0.7070983648300171,
                "y": 0.003455576254054904,
                "z": -0.003455576254054904,
                "w": 0.7070983648300171
            },
            "path": []
        }
    ],
    "platformRotationSpeed": 0.0
}