{
    "gameMode": 2,
    "levelNumber": 19,
    "targetPoints": 5,
    "collectibles": [
        {
            "type": 2,
            "pointTokenType": 0,
            "multiplierTokenType": 0,
            "dangerTokenType": 1,
            "position": {
                "x": -29.90999984741211,
                "y": 0.20000001788139344,
                "z": 42.150001525878909
            },
            "rotation": {
                "x": 0.0,
                "y": 0.7071068286895752,
                "z": 0.0,
                "w": 0.7071068286895752
            },
            "value": 0,
            "numTimesCanBeCollected": 1,
            "pointDisplayType": 0,
            "path": [],
            "movementSpeed": 0.0,
            "rotationAxis": {
                "x": 0.0,
                "y": 0.0,
                "z": 0.0
            },
            "rotationSpeed": 0.0,
            "activeOnStart": true,
            "isKinematic": true
        },
        {
            "type": 2,
            "pointTokenType": 0,
            "multiplierTokenType": 0,
            "dangerTokenType": 1,
            "position": {
                "x": -29.90999984741211,
                "y": 0.20000001788139344,
                "z": 57.59000015258789
            },
            "rotation": {
                "x": 0.0,
                "y": 0.7071068286895752,
                "z": 0.0,
                "w": 0.7071068286895752
            },
            "value": 0,
            "numTimesCanBeCollected": 1,
            "pointDisplayType": 0,
            "path": [],
            "movementSpeed": 0.0,
            "rotationAxis": {
                "x": 0.0,
                "y": 0.0,
                "z": 0.0
            },
            "rotationSpeed": 0.0,
            "activeOnStart": true,
            "isKinematic": true
        },
        {
            "type": 2,
            "pointTokenType": 0,
            "multiplierTokenType": 0,
            "dangerTokenType": 1,
            "position": {
                "x": -21.753297805786134,
                "y": 0.20000001788139344,
                "z": 71.97782135009766
            },
            "rotation": {
                "x": 0.0,
                "y": 0.9659258723258972,
                "z": 0.0,
                "w": 0.258819043636322
            },
            "value": 0,
            "numTimesCanBeCollected": 1,
            "pointDisplayType": 0,
            "path": [],
            "movementSpeed": 0.0,
            "rotationAxis": {
                "x": 0.0,
                "y": 0.0,
                "z": 0.0
            },
            "rotationSpeed": 0.0,
            "activeOnStart": true,
            "isKinematic": true
        },
        {
            "type": 2,
            "pointTokenType": 0,
            "multiplierTokenType": 0,
            "dangerTokenType": 1,
            "position": {
                "x": -8.381866455078125,
                "y": 0.20000001788139344,
                "z": 79.69782257080078
            },
            "rotation": {
                "x": 0.0,
                "y": 0.9659258723258972,
                "z": 0.0,
                "w": 0.258819043636322
            },
            "value": 0,
            "numTimesCanBeCollected": 1,
            "pointDisplayType": 0,
            "path": [],
            "movementSpeed": 0.0,
            "rotationAxis": {
                "x": 0.0,
                "y": 0.0,
                "z": 0.0
            },
            "rotationSpeed": 0.0,
            "activeOnStart": true,
            "isKinematic": true
        },
        {
            "type": 2,
            "pointTokenType": 0,
            "multiplierTokenType": 0,
            "dangerTokenType": 1,
            "position": {
                "x": 8.15670394897461,
                "y": 0.20000001788139344,
                "z": 79.82781982421875
            },
            "rotation": {
                "x": 0.0,
                "y": 0.9659258127212524,
                "z": 0.0,
                "w": -0.2588191032409668
            },
            "value": 0,
            "numTimesCanBeCollected": 1,
            "pointDisplayType": 0,
            "path": [],
            "movementSpeed": 0.0,
            "rotationAxis": {
                "x": 0.0,
                "y": 0.0,
                "z": 0.0
            },
            "rotationSpeed": 0.0,
            "activeOnStart": true,
            "isKinematic": true
        },
        {
            "type": 2,
            "pointTokenType": 0,
            "multiplierTokenType": 0,
            "dangerTokenType": 1,
            "position": {
                "x": 21.528133392333986,
                "y": 0.20000001788139344,
                "z": 72.10781860351563
            },
            "rotation": {
                "x": 0.0,
                "y": 0.9659258127212524,
                "z": 0.0,
                "w": -0.2588191032409668
            },
            "value": 0,
            "numTimesCanBeCollected": 1,
            "pointDisplayType": 0,
            "path": [],
            "movementSpeed": 0.0,
            "rotationAxis": {
                "x": 0.0,
                "y": 0.0,
                "z": 0.0
            },
            "rotationSpeed": 0.0,
            "activeOnStart": true,
            "isKinematic": true
        },
        {
            "type": 2,
            "pointTokenType": 0,
            "multiplierTokenType": 0,
            "dangerTokenType": 1,
            "position": {
                "x": 29.90999984741211,
                "y": 0.20000001788139344,
                "z": 57.849998474121097
            },
            "rotation": {
                "x": 0.0,
                "y": 0.7071068286895752,
                "z": 0.0,
                "w": -0.7071068286895752
            },
            "value": 0,
            "numTimesCanBeCollected": 1,
            "pointDisplayType": 0,
            "path": [],
            "movementSpeed": 0.0,
            "rotationAxis": {
                "x": 0.0,
                "y": 0.0,
                "z": 0.0
            },
            "rotationSpeed": 0.0,
            "activeOnStart": true,
            "isKinematic": true
        },
        {
            "type": 2,
            "pointTokenType": 0,
            "multiplierTokenType": 0,
            "dangerTokenType": 1,
            "position": {
                "x": 29.90999984741211,
                "y": 0.20000001788139344,
                "z": 42.40999984741211
            },
            "rotation": {
                "x": 0.0,
                "y": 0.7071068286895752,
                "z": 0.0,
                "w": -0.7071068286895752
            },
            "value": 0,
            "numTimesCanBeCollected": 1,
            "pointDisplayType": 0,
            "path": [],
            "movementSpeed": 0.0,
            "rotationAxis": {
                "x": 0.0,
                "y": 0.0,
                "z": 0.0
            },
            "rotationSpeed": 0.0,
            "activeOnStart": true,
            "isKinematic": true
        },
        {
            "type": 0,
            "pointTokenType": 1,
            "multiplierTokenType": 0,
            "dangerTokenType": 0,
            "position": {
                "x": 0.0,
                "y": 0.20000001788139344,
                "z": 67.37000274658203
            },
            "rotation": {
                "x": 0.0,
                "y": 0.0,
                "z": 0.0,
                "w": 1.0
            },
            "value": 1,
            "numTimesCanBeCollected": 1,
            "pointDisplayType": 2,
            "path": [],
            "movementSpeed": 0.0,
            "rotationAxis": {
                "x": 0.0,
                "y": 0.0,
                "z": 0.0
            },
            "rotationSpeed": 0.0,
            "activeOnStart": true,
            "isKinematic": true
        },
        {
            "type": 0,
            "pointTokenType": 1,
            "multiplierTokenType": 0,
            "dangerTokenType": 0,